Year,Season,Nation,Gold,Silver,Bronze,Medals
1960,Summer,Russia,43.0,29.0,31.0,103.0
1960,Summer,USA,34.0,21.0,16.0,71.0
1960,Summer,Germany,12.0,19.0,11.0,42.0
1960,Summer,Italy,13.0,10.0,13.0,36.0
1960,Summer,Australia,8.0,8.0,6.0,22.0
1960,Summer,Hungary,6.0,8.0,7.0,21.0
1960,Summer,Poland,4.0,6.0,11.0,21.0
1960,Winter,Russia,7.0,5.0,9.0,21.0
1960,Summer,UK,2.0,6.0,12.0,20.0
1960,Summer,Japan,4.0,7.0,7.0,18.0
1960,Summer,Romania,3.0,1.0,6.0,10.0
1960,Winter,USA,3.0,4.0,3.0,10.0
1960,Summer,Turkey,7.0,2.0,0.0,9.0
1960,Summer,Czech Republic,3.0,2.0,3.0,8.0
1960,Winter,Finland,2.0,3.0,3.0,8.0
1960,Winter,Germany,4.0,3.0,1.0,8.0
1960,Summer,Bulgaria,1.0,3.0,3.0,7.0
1960,Winter,Sweden,3.0,2.0,2.0,7.0
1960,Winter,Austria,1.0,2.0,3.0,6.0
1960,Summer,Denmark,2.0,3.0,1.0,6.0
1960,Winter,Norway,3.0,3.0,0.0,6.0
1960,Summer,Sweden,1.0,2.0,3.0,6.0
1960,Summer,Switzerland,0.0,3.0,3.0,6.0
1960,Summer,Finland,1.0,1.0,3.0,5.0
1960,Summer,France,0.0,2.0,3.0,5.0
1960,Summer,Belgium,0.0,2.0,2.0,4.0
1960,Winter,Canada,2.0,1.0,1.0,4.0
1960,Summer,Iran,0.0,1.0,3.0,4.0
1960,Winter,France,1.0,0.0,2.0,3.0
1960,Summer,Netherlands,0.0,1.0,2.0,3.0
1960,Summer,New Zealand,2.0,0.0,1.0,3.0
1960,Summer,South Africa,0.0,1.0,2.0,3.0
1960,Summer,Argentina,0.0,1.0,1.0,2.0
1960,Summer,Austria,1.0,1.0,0.0,2.0
1960,Summer,Brazil,0.0,0.0,2.0,2.0
1960,Winter,Netherlands,0.0,1.0,1.0,2.0
1960,Summer,Pakistan,1.0,0.0,1.0,2.0
1960,Winter,Poland,0.0,1.0,1.0,2.0
1960,Summer,Serbia,1.0,1.0,0.0,2.0
1960,Winter,Switzerland,2.0,0.0,0.0,2.0
1960,Summer,Syria,0.0,1.0,1.0,2.0
1960,Summer,Trinidad,0.0,0.0,2.0,2.0
1960,Summer,Canada,0.0,1.0,0.0,1.0
1960,Winter,Czech Republic,0.0,1.0,0.0,1.0
1960,Summer,Ethiopia,1.0,0.0,0.0,1.0
1960,Summer,Ghana,0.0,1.0,0.0,1.0
1960,Summer,Greece,1.0,0.0,0.0,1.0
1960,Summer,India,0.0,1.0,0.0,1.0
1960,Summer,Iraq,0.0,0.0,1.0,1.0
1960,Winter,Italy,0.0,0.0,1.0,1.0
1960,Summer,Mexico,0.0,0.0,1.0,1.0
1960,Summer,Morocco,0.0,1.0,0.0,1.0
1960,Summer,Norway,1.0,0.0,0.0,1.0
1960,Summer,Portugal,0.0,1.0,0.0,1.0
1960,Summer,Singapore,0.0,1.0,0.0,1.0
1960,Summer,Spain,0.0,0.0,1.0,1.0
1960,Summer,Taiwan,0.0,1.0,0.0,1.0
1960,Summer,Venezuela,0.0,0.0,1.0,1.0
1964,Summer,Russia,30.0,30.0,33.0,93.0
1964,Summer,USA,36.0,26.0,28.0,90.0
1964,Summer,Germany,10.0,22.0,18.0,50.0
1964,Summer,Japan,16.0,5.0,8.0,29.0
1964,Summer,Italy,10.0,10.0,7.0,27.0
1964,Winter,Russia,11.0,7.0,6.0,24.0
1964,Summer,Poland,7.0,6.0,10.0,23.0
1964,Summer,Hungary,10.0,7.0,5.0,22.0
1964,Summer,Australia,6.0,2.0,10.0,18.0
1964,Summer,UK,4.0,12.0,2.0,18.0
1964,Summer,France,1.0,8.0,6.0,15.0
1964,Winter,Norway,3.0,6.0,6.0,15.0
1964,Summer,Czech Republic,5.0,6.0,3.0,14.0
1964,Winter,Austria,4.0,5.0,3.0,12.0
1964,Summer,Romania,2.0,4.0,6.0,12.0
1964,Summer,Bulgaria,3.0,5.0,2.0,10.0
1964,Winter,Finland,3.0,4.0,3.0,10.0
1964,Summer,Netherlands,2.0,4.0,4.0,10.0
1964,Winter,Germany,3.0,3.0,3.0,9.0
1964,Summer,Sweden,2.0,2.0,4.0,8.0
1964,Winter,France,3.0,4.0,0.0,7.0
1964,Winter,Sweden,3.0,3.0,1.0,7.0
1964,Winter,USA,1.0,2.0,4.0,7.0
1964,Summer,Denmark,2.0,1.0,3.0,6.0
1964,Summer,Turkey,2.0,3.0,1.0,6.0
1964,Summer,Finland,3.0,0.0,2.0,5.0
1964,Summer,New Zealand,3.0,0.0,2.0,5.0
1964,Summer,Serbia,2.0,1.0,2.0,5.0
1964,Summer,Canada,1.0,2.0,1.0,4.0
1964,Winter,Italy,0.0,1.0,3.0,4.0
1964,Summer,Switzerland,1.0,2.0,1.0,4.0
1964,Summer,Belgium,2.0,0.0,1.0,3.0
1964,Winter,Canada,1.0,1.0,1.0,3.0
1964,Summer,South Korea,0.0,2.0,1.0,3.0
1964,Summer,Trinidad,0.0,1.0,2.0,3.0
1964,Summer,Iran,0.0,0.0,2.0,2.0
1964,Winter,Netherlands,1.0,1.0,0.0,2.0
1964,Summer,Tunisia,0.0,1.0,1.0,2.0
1964,Summer,Argentina,0.0,1.0,0.0,1.0
1964,Summer,Bahamas,1.0,0.0,0.0,1.0
1964,Summer,Brazil,0.0,0.0,1.0,1.0
1964,Summer,Cuba,0.0,1.0,0.0,1.0
1964,Winter,Czech Republic,0.0,0.0,1.0,1.0
1964,Summer,Ethiopia,1.0,0.0,0.0,1.0
1964,Summer,Ghana,0.0,0.0,1.0,1.0
1964,Summer,India,1.0,0.0,0.0,1.0
1964,Summer,Ireland,0.0,0.0,1.0,1.0
1964,Summer,Kenya,0.0,0.0,1.0,1.0
1964,Summer,Mexico,0.0,0.0,1.0,1.0
1964,Summer,Nigeria,0.0,0.0,1.0,1.0
1964,Winter,North Korea,0.0,1.0,0.0,1.0
1964,Summer,Pakistan,0.0,1.0,0.0,1.0
1964,Summer,Philippines,0.0,1.0,0.0,1.0
1964,Winter,UK,1.0,0.0,0.0,1.0
1964,Summer,Uruguay,0.0,0.0,1.0,1.0
1968,Summer,USA,45.0,28.0,34.0,107.0
1968,Summer,Russia,29.0,32.0,30.0,91.0
1968,Summer,Germany,14.0,20.0,17.0,51.0
1968,Summer,Hungary,10.0,10.0,12.0,32.0
1968,Summer,Japan,11.0,7.0,7.0,25.0
1968,Summer,Poland,5.0,2.0,11.0,18.0
1968,Summer,Australia,5.0,7.0,5.0,17.0
1968,Summer,Italy,3.0,4.0,9.0,16.0
1968,Summer,France,7.0,3.0,5.0,15.0
1968,Summer,Romania,4.0,6.0,5.0,15.0
1968,Winter,Norway,6.0,6.0,2.0,14.0
1968,Summer,Czech Republic,7.0,2.0,4.0,13.0
1968,Winter,Russia,5.0,5.0,3.0,13.0
1968,Summer,UK,5.0,5.0,3.0,13.0
1968,Winter,Germany,3.0,4.0,5.0,12.0
1968,Winter,Austria,3.0,4.0,4.0,11.0
1968,Summer,Bulgaria,2.0,4.0,3.0,9.0
1968,Winter,France,4.0,3.0,2.0,9.0
1968,Summer,Kenya,3.0,4.0,2.0,9.0
1968,Summer,Mexico,3.0,3.0,3.0,9.0
1968,Winter,Netherlands,3.0,3.0,3.0,9.0
1968,Summer,Denmark,1.0,4.0,3.0,8.0
1968,Summer,Serbia,3.0,3.0,2.0,8.0
1968,Winter,Sweden,3.0,2.0,3.0,8.0
1968,Summer,Netherlands,3.0,3.0,1.0,7.0
1968,Winter,Switzerland,0.0,2.0,4.0,6.0
1968,Summer,Canada,1.0,3.0,1.0,5.0
1968,Winter,Finland,1.0,2.0,2.0,5.0
1968,Summer,Iran,2.0,1.0,2.0,5.0
1968,Summer,Switzerland,0.0,1.0,4.0,5.0
1968,Winter,USA,1.0,3.0,1.0,5.0
1968,Summer,Austria,0.0,2.0,2.0,4.0
1968,Summer,Cuba,0.0,4.0,0.0,4.0
1968,Winter,Czech Republic,1.0,2.0,1.0,4.0
1968,Summer,Finland,1.0,2.0,1.0,4.0
1968,Winter,Italy,4.0,0.0,0.0,4.0
1968,Summer,Mongolia,0.0,1.0,3.0,4.0
1968,Summer,Sweden,2.0,1.0,1.0,4.0
1968,Summer,Brazil,0.0,1.0,2.0,3.0
1968,Winter,Canada,1.0,1.0,1.0,3.0
1968,Summer,New Zealand,1.0,0.0,2.0,3.0
1968,Summer,Argentina,0.0,0.0,2.0,2.0
1968,Summer,Belgium,0.0,1.0,1.0,2.0
1968,Summer,Ethiopia,1.0,1.0,0.0,2.0
1968,Summer,Norway,1.0,1.0,0.0,2.0
1968,Summer,South Korea,0.0,1.0,1.0,2.0
1968,Summer,Tunisia,1.0,0.0,1.0,2.0
1968,Summer,Turkey,2.0,0.0,0.0,2.0
1968,Summer,Uganda,0.0,1.0,1.0,2.0
1968,Summer,Cameroon,0.0,1.0,0.0,1.0
1968,Summer,Greece,0.0,0.0,1.0,1.0
1968,Summer,India,0.0,0.0,1.0,1.0
1968,Summer,Jamaica,0.0,1.0,0.0,1.0
1968,Summer,Pakistan,1.0,0.0,0.0,1.0
1968,Winter,Romania,0.0,0.0,1.0,1.0
1968,Summer,Taiwan,0.0,0.0,1.0,1.0
1968,Summer,Venezuela,1.0,0.0,0.0,1.0
1972,Summer,Germany,33.0,34.0,39.0,106.0
1972,Summer,Russia,50.0,27.0,22.0,99.0
1972,Summer,USA,33.0,31.0,30.0,94.0
1972,Summer,Hungary,6.0,13.0,16.0,35.0
1972,Summer,Japan,13.0,8.0,8.0,29.0
1972,Summer,Bulgaria,6.0,10.0,5.0,21.0
1972,Summer,Poland,7.0,5.0,9.0,21.0
1972,Winter,Germany,7.0,4.0,8.0,19.0
1972,Summer,Italy,5.0,3.0,10.0,18.0
1972,Summer,UK,4.0,5.0,9.0,18.0
1972,Summer,Australia,8.0,7.0,2.0,17.0
1972,Summer,Romania,3.0,6.0,7.0,16.0
1972,Winter,Russia,8.0,5.0,3.0,16.0
1972,Summer,Sweden,4.0,6.0,6.0,16.0
1972,Summer,France,2.0,4.0,7.0,13.0
1972,Winter,Norway,2.0,5.0,5.0,12.0
1972,Winter,Switzerland,4.0,3.0,3.0,10.0
1972,Summer,Kenya,2.0,3.0,4.0,9.0
1972,Winter,Netherlands,4.0,3.0,2.0,9.0
1972,Summer,Cuba,3.0,1.0,4.0,8.0
1972,Summer,Czech Republic,2.0,4.0,2.0,8.0
1972,Summer,Finland,3.0,1.0,4.0,8.0
1972,Winter,USA,3.0,2.0,3.0,8.0
1972,Winter,Austria,1.0,2.0,2.0,5.0
1972,Summer,Canada,0.0,2.0,3.0,5.0
1972,Winter,Finland,0.0,4.0,1.0,5.0
1972,Winter,Italy,2.0,2.0,1.0,5.0
1972,Summer,Netherlands,3.0,1.0,1.0,5.0
1972,Summer,North Korea,1.0,1.0,3.0,5.0
1972,Summer,Serbia,2.0,1.0,2.0,5.0
1972,Summer,Norway,2.0,1.0,1.0,4.0
1972,Winter,Sweden,1.0,1.0,2.0,4.0
1972,Summer,Austria,0.0,1.0,2.0,3.0
1972,Summer,Colombia,0.0,1.0,2.0,3.0
1972,Winter,Czech Republic,1.0,0.0,2.0,3.0
1972,Winter,France,0.0,1.0,2.0,3.0
1972,Summer,Iran,0.0,2.0,1.0,3.0
1972,Winter,Japan,1.0,1.0,1.0,3.0
1972,Summer,New Zealand,1.0,1.0,1.0,3.0
1972,Summer,Switzerland,0.0,3.0,0.0,3.0
1972,Summer,Belgium,0.0,2.0,0.0,2.0
1972,Summer,Brazil,0.0,0.0,2.0,2.0
1972,Summer,Ethiopia,0.0,0.0,2.0,2.0
1972,Summer,Greece,0.0,2.0,0.0,2.0
1972,Summer,Uganda,1.0,1.0,0.0,2.0
1972,Summer,Argentina,0.0,1.0,0.0,1.0
1972,Winter,Canada,0.0,1.0,0.0,1.0
1972,Summer,Denmark,1.0,0.0,0.0,1.0
1972,Summer,Ghana,0.0,0.0,1.0,1.0
1972,Summer,India,0.0,0.0,1.0,1.0
1972,Summer,Jamaica,0.0,0.0,1.0,1.0
1972,Summer,Lebanon,0.0,1.0,0.0,1.0
1972,Summer,Mexico,0.0,1.0,0.0,1.0
1972,Summer,Mongolia,0.0,1.0,0.0,1.0
1972,Summer,Niger,0.0,0.0,1.0,1.0
1972,Summer,Nigeria,0.0,0.0,1.0,1.0
1972,Summer,Pakistan,0.0,1.0,0.0,1.0
1972,Winter,Poland,1.0,0.0,0.0,1.0
1972,Summer,South Korea,0.0,1.0,0.0,1.0
1972,Winter,Spain,1.0,0.0,0.0,1.0
1972,Summer,Spain,0.0,0.0,1.0,1.0
1972,Summer,Tunisia,0.0,1.0,0.0,1.0
1972,Summer,Turkey,0.0,1.0,0.0,1.0
1976,Summer,Germany,50.0,37.0,42.0,129.0
1976,Summer,Russia,49.0,41.0,35.0,125.0
1976,Summer,USA,34.0,35.0,25.0,94.0
1976,Winter,Germany,9.0,10.0,10.0,29.0
1976,Summer,Romania,4.0,9.0,14.0,27.0
1976,Winter,Russia,13.0,6.0,8.0,27.0
1976,Summer,Poland,7.0,6.0,13.0,26.0
1976,Summer,Japan,9.0,6.0,10.0,25.0
1976,Summer,Bulgaria,6.0,9.0,7.0,22.0
1976,Summer,Hungary,4.0,5.0,13.0,22.0
1976,Summer,Cuba,6.0,4.0,3.0,13.0
1976,Summer,Italy,2.0,7.0,4.0,13.0
1976,Summer,UK,3.0,5.0,5.0,13.0
1976,Summer,Canada,0.0,5.0,6.0,11.0
1976,Winter,USA,3.0,3.0,4.0,10.0
1976,Summer,France,2.0,3.0,4.0,9.0
1976,Summer,Czech Republic,2.0,2.0,4.0,8.0
1976,Summer,Serbia,2.0,3.0,3.0,8.0
1976,Winter,Finland,2.0,4.0,1.0,7.0
1976,Winter,Norway,3.0,3.0,1.0,7.0
1976,Winter,Austria,2.0,2.0,2.0,6.0
1976,Summer,Belgium,0.0,3.0,3.0,6.0
1976,Summer,Finland,4.0,2.0,0.0,6.0
1976,Winter,Netherlands,1.0,2.0,3.0,6.0
1976,Summer,South Korea,1.0,1.0,4.0,6.0
1976,Summer,Australia,0.0,1.0,4.0,5.0
1976,Summer,Netherlands,0.0,2.0,3.0,5.0
1976,Summer,Sweden,4.0,1.0,0.0,5.0
1976,Winter,Switzerland,1.0,3.0,1.0,5.0
1976,Winter,Italy,1.0,2.0,1.0,4.0
1976,Summer,New Zealand,2.0,1.0,1.0,4.0
1976,Summer,Switzerland,1.0,1.0,2.0,4.0
1976,Winter,Canada,1.0,1.0,1.0,3.0
1976,Summer,Denmark,1.0,0.0,2.0,3.0
1976,Summer,Brazil,0.0,0.0,2.0,2.0
1976,Summer,Iran,0.0,1.0,1.0,2.0
1976,Summer,Jamaica,1.0,1.0,0.0,2.0
1976,Winter,Liechtenstein,0.0,0.0,2.0,2.0
1976,Summer,Mexico,1.0,0.0,1.0,2.0
1976,Summer,North Korea,1.0,1.0,0.0,2.0
1976,Summer,Norway,1.0,1.0,0.0,2.0
1976,Summer,Portugal,0.0,2.0,0.0,2.0
1976,Summer,Spain,0.0,2.0,0.0,2.0
1976,Winter,Sweden,0.0,0.0,2.0,2.0
1976,Summer,Austria,0.0,0.0,1.0,1.0
1976,Summer,Bermuda,0.0,0.0,1.0,1.0
1976,Winter,Czech Republic,0.0,1.0,0.0,1.0
1976,Winter,France,0.0,0.0,1.0,1.0
1976,Summer,Mongolia,0.0,1.0,0.0,1.0
1976,Summer,Pakistan,0.0,0.0,1.0,1.0
1976,Summer,Puerto Rico,0.0,0.0,1.0,1.0
1976,Summer,Thailand,0.0,0.0,1.0,1.0
1976,Summer,Trinidad,1.0,0.0,0.0,1.0
1976,Winter,UK,1.0,0.0,0.0,1.0
1976,Summer,Venezuela,0.0,1.0,0.0,1.0
1980,Summer,Russia,80.0,69.0,46.0,195.0
1980,Summer,Germany,47.0,37.0,42.0,126.0
1980,Summer,Bulgaria,8.0,16.0,17.0,41.0
1980,Summer,Hungary,7.0,10.0,15.0,32.0
1980,Summer,Poland,3.0,14.0,15.0,32.0
1980,Winter,Germany,9.0,9.0,10.0,28.0
1980,Summer,Romania,6.0,6.0,13.0,25.0
1980,Winter,Russia,10.0,6.0,6.0,22.0
1980,Summer,UK,5.0,7.0,9.0,21.0
1980,Summer,Cuba,8.0,7.0,5.0,20.0
1980,Summer,Italy,8.0,3.0,4.0,15.0
1980,Summer,Czech Republic,2.0,3.0,9.0,14.0
1980,Summer,France,6.0,5.0,3.0,14.0
1980,Summer,Sweden,3.0,3.0,6.0,12.0
1980,Winter,USA,6.0,4.0,2.0,12.0
1980,Winter,Norway,1.0,3.0,6.0,10.0
1980,Summer,Australia,2.0,2.0,5.0,9.0
1980,Winter,Finland,1.0,5.0,3.0,9.0
1980,Summer,Serbia,2.0,3.0,4.0,9.0
1980,Summer,Finland,3.0,1.0,4.0,8.0
1980,Winter,Austria,3.0,2.0,2.0,7.0
1980,Summer,Spain,1.0,3.0,2.0,6.0
1980,Summer,Denmark,2.0,1.0,2.0,5.0
1980,Summer,North Korea,0.0,3.0,2.0,5.0
1980,Winter,Switzerland,1.0,1.0,3.0,5.0
1980,Summer,Austria,1.0,2.0,1.0,4.0
1980,Summer,Brazil,2.0,0.0,2.0,4.0
1980,Summer,Ethiopia,2.0,0.0,2.0,4.0
1980,Winter,Liechtenstein,2.0,2.0,0.0,4.0
1980,Summer,Mexico,0.0,1.0,3.0,4.0
1980,Summer,Mongolia,0.0,2.0,2.0,4.0
1980,Winter,Netherlands,1.0,2.0,1.0,4.0
1980,Winter,Sweden,3.0,0.0,1.0,4.0
1980,Summer,Greece,1.0,0.0,2.0,3.0
1980,Summer,Jamaica,0.0,0.0,3.0,3.0
1980,Summer,Netherlands,0.0,1.0,2.0,3.0
1980,Winter,Canada,0.0,1.0,1.0,2.0
1980,Summer,Ireland,0.0,1.0,1.0,2.0
1980,Winter,Italy,0.0,2.0,0.0,2.0
1980,Summer,Switzerland,2.0,0.0,0.0,2.0
1980,Summer,Tanzania,0.0,2.0,0.0,2.0
1980,Summer,Belgium,1.0,0.0,0.0,1.0
1980,Winter,Bulgaria,0.0,0.0,1.0,1.0
1980,Winter,Czech Republic,0.0,0.0,1.0,1.0
1980,Winter,France,0.0,0.0,1.0,1.0
1980,Summer,Guyana,0.0,0.0,1.0,1.0
1980,Winter,Hungary,0.0,1.0,0.0,1.0
1980,Summer,India,1.0,0.0,0.0,1.0
1980,Winter,Japan,0.0,1.0,0.0,1.0
1980,Summer,Lebanon,0.0,0.0,1.0,1.0
1980,Winter,UK,1.0,0.0,0.0,1.0
1980,Summer,Uganda,0.0,1.0,0.0,1.0
1980,Summer,Venezuela,0.0,1.0,0.0,1.0
1980,Summer,Zimbabwe,1.0,0.0,0.0,1.0
1984,Summer,USA,82.0,61.0,30.0,173.0
1984,Summer,Germany,17.0,19.0,23.0,59.0
1984,Summer,Romania,19.0,16.0,17.0,52.0
1984,Summer,Canada,10.0,18.0,16.0,44.0
1984,Summer,UK,5.0,11.0,21.0,37.0
1984,Summer,China,15.0,8.0,9.0,32.0
1984,Summer,Italy,14.0,6.0,12.0,32.0
1984,Summer,Japan,10.0,7.0,14.0,31.0
1984,Summer,France,5.0,7.0,16.0,28.0
1984,Winter,Germany,11.0,10.0,7.0,28.0
1984,Winter,Russia,6.0,10.0,9.0,25.0
1984,Summer,Australia,4.0,8.0,12.0,24.0
1984,Summer,South Korea,6.0,6.0,7.0,19.0
1984,Summer,Sweden,2.0,11.0,6.0,19.0
1984,Summer,Serbia,7.0,4.0,7.0,18.0
1984,Winter,Finland,4.0,3.0,6.0,13.0
1984,Summer,Netherlands,5.0,2.0,6.0,13.0
1984,Summer,Finland,4.0,2.0,6.0,12.0
1984,Summer,New Zealand,8.0,1.0,2.0,11.0
1984,Winter,Norway,3.0,2.0,4.0,9.0
1984,Summer,Brazil,1.0,5.0,2.0,8.0
1984,Winter,Sweden,4.0,2.0,2.0,8.0
1984,Summer,Switzerland,0.0,4.0,4.0,8.0
1984,Winter,USA,4.0,4.0,0.0,8.0
1984,Winter,Czech Republic,0.0,2.0,4.0,6.0
1984,Summer,Denmark,0.0,3.0,3.0,6.0
1984,Summer,Mexico,2.0,3.0,1.0,6.0
1984,Summer,Spain,1.0,2.0,2.0,5.0
1984,Winter,Switzerland,2.0,2.0,1.0,5.0
1984,Summer,Belgium,1.0,1.0,2.0,4.0
1984,Winter,Canada,2.0,1.0,1.0,4.0
1984,Summer,Austria,1.0,1.0,1.0,3.0
1984,Winter,France,0.0,1.0,2.0,3.0
1984,Summer,Jamaica,0.0,1.0,2.0,3.0
1984,Summer,Kenya,1.0,0.0,2.0,3.0
1984,Summer,Norway,0.0,1.0,2.0,3.0
1984,Summer,Portugal,1.0,0.0,2.0,3.0
1984,Summer,Turkey,0.0,0.0,3.0,3.0
1984,Summer,Venezuela,0.0,0.0,3.0,3.0
1984,Summer,Algeria,0.0,0.0,2.0,2.0
1984,Summer,Greece,0.0,1.0,1.0,2.0
1984,Winter,Italy,2.0,0.0,0.0,2.0
1984,Winter,Liechtenstein,0.0,0.0,2.0,2.0
1984,Summer,Morocco,2.0,0.0,0.0,2.0
1984,Summer,Nigeria,0.0,1.0,1.0,2.0
1984,Summer,Puerto Rico,0.0,1.0,1.0,2.0
1984,Winter,Austria,0.0,0.0,1.0,1.0
1984,Summer,Cameroon,0.0,0.0,1.0,1.0
1984,Summer,Colombia,0.0,1.0,0.0,1.0
1984,Summer,Dominican Republic,0.0,0.0,1.0,1.0
1984,Summer,Egypt,0.0,1.0,0.0,1.0
1984,Summer,Iceland,0.0,0.0,1.0,1.0
1984,Summer,Ireland,0.0,1.0,0.0,1.0
1984,Summer,Ivory Coast,0.0,1.0,0.0,1.0
1984,Winter,Japan,0.0,1.0,0.0,1.0
1984,Summer,Pakistan,1.0,0.0,0.0,1.0
1984,Summer,Peru,0.0,1.0,0.0,1.0
1984,Winter,Serbia,0.0,1.0,0.0,1.0
1984,Summer,Syria,0.0,1.0,0.0,1.0
1984,Summer,Taiwan,0.0,0.0,1.0,1.0
1984,Summer,Thailand,0.0,1.0,0.0,1.0
1984,Winter,UK,1.0,0.0,0.0,1.0
1984,Summer,Zambia,0.0,0.0,1.0,1.0
1988,Summer,Germany,48.0,49.0,45.0,142.0
1988,Summer,Russia,54.0,31.0,46.0,131.0
1988,Summer,USA,36.0,31.0,27.0,94.0
1988,Summer,Bulgaria,10.0,12.0,13.0,35.0
1988,Winter,Germany,11.0,14.0,8.0,33.0
1988,Summer,South Korea,12.0,10.0,11.0,33.0
1988,Winter,Russia,11.0,9.0,9.0,29.0
1988,Summer,China,5.0,11.0,12.0,28.0
1988,Summer,Romania,7.0,11.0,6.0,24.0
1988,Summer,UK,5.0,10.0,9.0,24.0
1988,Summer,Hungary,11.0,6.0,6.0,23.0
1988,Summer,France,6.0,4.0,6.0,16.0
1988,Summer,Poland,2.0,5.0,9.0,16.0
1988,Winter,Switzerland,5.0,5.0,5.0,15.0
1988,Summer,Australia,3.0,6.0,5.0,14.0
1988,Summer,Italy,6.0,4.0,4.0,14.0
1988,Summer,Japan,4.0,3.0,7.0,14.0
1988,Summer,New Zealand,3.0,2.0,8.0,13.0
1988,Summer,Serbia,3.0,4.0,5.0,12.0
1988,Summer,Sweden,0.0,4.0,7.0,11.0
1988,Winter,Austria,3.0,5.0,2.0,10.0
1988,Summer,Canada,3.0,2.0,5.0,10.0
1988,Summer,Kenya,5.0,2.0,2.0,9.0
1988,Summer,Netherlands,2.0,2.0,5.0,9.0
1988,Summer,Czech Republic,3.0,3.0,2.0,8.0
1988,Winter,Finland,4.0,1.0,2.0,7.0
1988,Winter,Netherlands,3.0,2.0,2.0,7.0
1988,Summer,Brazil,1.0,2.0,3.0,6.0
1988,Winter,Sweden,4.0,0.0,2.0,6.0
1988,Winter,USA,2.0,1.0,3.0,6.0
1988,Winter,Canada,0.0,2.0,3.0,5.0
1988,Winter,Italy,2.0,1.0,2.0,5.0
1988,Summer,Norway,2.0,3.0,0.0,5.0
1988,Winter,Norway,0.0,3.0,2.0,5.0
1988,Summer,Denmark,2.0,1.0,1.0,4.0
1988,Summer,Finland,1.0,1.0,2.0,4.0
1988,Summer,Spain,1.0,1.0,2.0,4.0
1988,Summer,Switzerland,0.0,2.0,2.0,4.0
1988,Winter,Czech Republic,0.0,1.0,2.0,3.0
1988,Summer,Morocco,1.0,0.0,2.0,3.0
1988,Winter,Serbia,0.0,2.0,1.0,3.0
1988,Summer,Argentina,0.0,1.0,1.0,2.0
1988,Summer,Belgium,0.0,0.0,2.0,2.0
1988,Winter,France,1.0,0.0,1.0,2.0
1988,Summer,Jamaica,0.0,2.0,0.0,2.0
1988,Summer,Mexico,0.0,0.0,2.0,2.0
1988,Summer,Turkey,1.0,1.0,0.0,2.0
1988,Summer,Austria,1.0,0.0,0.0,1.0
1988,Summer,Chile,0.0,1.0,0.0,1.0
1988,Summer,Colombia,0.0,0.0,1.0,1.0
1988,Summer,Costa Rica,0.0,1.0,0.0,1.0
1988,Summer,Curacao,0.0,1.0,0.0,1.0
1988,Summer,Djibouti,0.0,0.0,1.0,1.0
1988,Summer,Greece,0.0,0.0,1.0,1.0
1988,Summer,Indonesia,0.0,1.0,0.0,1.0
1988,Summer,Iran,0.0,1.0,0.0,1.0
1988,Winter,Japan,0.0,0.0,1.0,1.0
1988,Winter,Liechtenstein,0.0,0.0,1.0,1.0
1988,Summer,Mongolia,0.0,0.0,1.0,1.0
1988,Summer,Pakistan,0.0,0.0,1.0,1.0
1988,Summer,Peru,0.0,1.0,0.0,1.0
1988,Summer,Philippines,0.0,0.0,1.0,1.0
1988,Summer,Portugal,1.0,0.0,0.0,1.0
1988,Summer,Senegal,0.0,1.0,0.0,1.0
1988,Summer,Suriname,1.0,0.0,0.0,1.0
1988,Summer,Thailand,0.0,0.0,1.0,1.0
1988,Summer,"Virgin Islands, US",0.0,1.0,0.0,1.0
1992,Summer,Russia,45.0,38.0,29.0,112.0
1992,Summer,USA,37.0,34.0,37.0,108.0
1992,Summer,Germany,33.0,21.0,28.0,82.0
1992,Summer,China,16.0,22.0,15.0,53.0
1992,Summer,Cuba,14.0,6.0,11.0,31.0
1992,Summer,Hungary,11.0,12.0,7.0,30.0
1992,Summer,France,8.0,5.0,16.0,29.0
1992,Summer,South Korea,12.0,5.0,11.0,28.0
1992,Summer,Australia,7.0,9.0,11.0,27.0
1992,Winter,Germany,10.0,10.0,6.0,26.0
1992,Winter,Russia,9.0,6.0,8.0,23.0
1992,Summer,Japan,3.0,8.0,11.0,22.0
1992,Summer,Spain,13.0,7.0,2.0,22.0
1992,Winter,Austria,6.0,7.0,8.0,21.0
1992,Summer,UK,5.0,3.0,12.0,20.0
1992,Summer,Italy,6.0,5.0,8.0,19.0
1992,Summer,Poland,3.0,6.0,10.0,19.0
1992,Summer,Canada,7.0,4.0,7.0,18.0
1992,Summer,Romania,4.0,6.0,8.0,18.0
1992,Winter,Norway,7.0,5.0,5.0,17.0
1992,Summer,Bulgaria,3.0,7.0,6.0,16.0
1992,Summer,Netherlands,2.0,6.0,7.0,15.0
1992,Winter,Italy,4.0,6.0,4.0,14.0
1992,Summer,Sweden,1.0,7.0,4.0,12.0
1992,Winter,USA,5.0,4.0,2.0,11.0
1992,Summer,New Zealand,1.0,4.0,5.0,10.0
1992,Winter,France,3.0,5.0,1.0,9.0
1992,Summer,North Korea,4.0,0.0,5.0,9.0
1992,Summer,Kenya,2.0,4.0,2.0,8.0
1992,Winter,Canada,2.0,3.0,2.0,7.0
1992,Summer,Czech Republic,4.0,2.0,1.0,7.0
1992,Winter,Finland,3.0,1.0,3.0,7.0
1992,Winter,Japan,1.0,2.0,4.0,7.0
1992,Summer,Norway,2.0,4.0,1.0,7.0
1992,Summer,Denmark,1.0,1.0,4.0,6.0
1992,Summer,Turkey,2.0,2.0,2.0,6.0
1992,Summer,Finland,1.0,2.0,2.0,5.0
1992,Summer,Indonesia,2.0,2.0,1.0,5.0
1992,Summer,Jamaica,0.0,3.0,1.0,4.0
1992,Winter,Netherlands,1.0,1.0,2.0,4.0
1992,Summer,Nigeria,0.0,3.0,1.0,4.0
1992,Winter,South Korea,2.0,1.0,1.0,4.0
1992,Winter,Sweden,1.0,0.0,3.0,4.0
1992,Summer,Belgium,0.0,1.0,2.0,3.0
1992,Summer,Brazil,2.0,1.0,0.0,3.0
1992,Winter,China,0.0,3.0,0.0,3.0
1992,Summer,Croatia,0.0,1.0,2.0,3.0
1992,Winter,Czech Republic,0.0,0.0,3.0,3.0
1992,Summer,Ethiopia,1.0,0.0,2.0,3.0
1992,Summer,Individual Olympic Athletes,0.0,1.0,2.0,3.0
1992,Summer,Iran,0.0,1.0,2.0,3.0
1992,Summer,Latvia,0.0,2.0,1.0,3.0
1992,Summer,Morocco,1.0,1.0,1.0,3.0
1992,Winter,Switzerland,1.0,0.0,2.0,3.0
1992,Summer,Algeria,1.0,0.0,1.0,2.0
1992,Summer,Austria,0.0,2.0,0.0,2.0
1992,Summer,Estonia,1.0,0.0,1.0,2.0
1992,Summer,Greece,2.0,0.0,0.0,2.0
1992,Summer,Ireland,1.0,1.0,0.0,2.0
1992,Summer,Israel,0.0,1.0,1.0,2.0
1992,Summer,Lithuania,1.0,0.0,1.0,2.0
1992,Winter,Luxembourg,0.0,2.0,0.0,2.0
1992,Summer,Mongolia,0.0,0.0,2.0,2.0
1992,Summer,Namibia,0.0,2.0,0.0,2.0
1992,Summer,Slovenia,0.0,0.0,2.0,2.0
1992,Summer,South Africa,0.0,2.0,0.0,2.0
1992,Summer,Argentina,0.0,0.0,1.0,1.0
1992,Summer,Bahamas,0.0,0.0,1.0,1.0
1992,Summer,Colombia,0.0,0.0,1.0,1.0
1992,Summer,Ghana,0.0,0.0,1.0,1.0
1992,Summer,Malaysia,0.0,0.0,1.0,1.0
1992,Summer,Mexico,0.0,1.0,0.0,1.0
1992,Winter,New Zealand,0.0,1.0,0.0,1.0
1992,Winter,North Korea,0.0,0.0,1.0,1.0
1992,Summer,Pakistan,0.0,0.0,1.0,1.0
1992,Summer,Peru,0.0,1.0,0.0,1.0
1992,Summer,Philippines,0.0,0.0,1.0,1.0
1992,Summer,Puerto Rico,0.0,0.0,1.0,1.0
1992,Summer,Qatar,0.0,0.0,1.0,1.0
1992,Winter,Spain,0.0,0.0,1.0,1.0
1992,Summer,Suriname,0.0,0.0,1.0,1.0
1992,Summer,Switzerland,1.0,0.0,0.0,1.0
1992,Summer,Taiwan,0.0,1.0,0.0,1.0
1992,Summer,Thailand,0.0,0.0,1.0,1.0
1994,Winter,Germany,9.0,7.0,8.0,24.0
1994,Winter,Norway,8.0,10.0,5.0,23.0
1994,Winter,Russia,11.0,8.0,4.0,23.0
1994,Winter,Italy,7.0,5.0,8.0,20.0
1994,Winter,Canada,3.0,6.0,4.0,13.0
1994,Winter,USA,6.0,5.0,2.0,13.0
1994,Winter,Austria,2.0,3.0,4.0,9.0
1994,Winter,Switzerland,3.0,4.0,2.0,9.0
1994,Winter,Finland,0.0,1.0,5.0,6.0
1994,Winter,South Korea,4.0,1.0,1.0,6.0
1994,Winter,France,0.0,1.0,4.0,5.0
1994,Winter,Japan,1.0,2.0,2.0,5.0
1994,Winter,Netherlands,0.0,1.0,3.0,4.0
1994,Winter,China,0.0,1.0,2.0,3.0
1994,Winter,Kazakhstan,1.0,2.0,0.0,3.0
1994,Winter,Slovenia,0.0,0.0,3.0,3.0
1994,Winter,Sweden,2.0,1.0,0.0,3.0
1994,Winter,Belarus,0.0,2.0,0.0,2.0
1994,Winter,UK,0.0,0.0,2.0,2.0
1994,Winter,Ukraine,1.0,0.0,1.0,2.0
1994,Winter,Australia,0.0,0.0,1.0,1.0
1994,Winter,Uzbekistan,1.0,0.0,0.0,1.0
1996,Summer,USA,44.0,32.0,25.0,101.0
1996,Summer,Germany,20.0,18.0,27.0,65.0
1996,Summer,Russia,26.0,21.0,16.0,63.0
1996,Summer,China,17.0,22.0,12.0,51.0
1996,Summer,Australia,9.0,9.0,23.0,41.0
1996,Summer,France,15.0,7.0,15.0,37.0
1996,Summer,Italy,13.0,10.0,12.0,35.0
1996,Summer,South Korea,7.0,15.0,5.0,27.0
1996,Summer,Cuba,9.0,8.0,8.0,25.0
1996,Summer,Ukraine,9.0,2.0,12.0,23.0
1996,Summer,Canada,3.0,11.0,8.0,22.0
1996,Summer,Hungary,7.0,4.0,10.0,21.0
1996,Summer,Netherlands,4.0,5.0,10.0,19.0
1996,Summer,Romania,4.0,7.0,8.0,19.0
1996,Summer,Poland,7.0,5.0,5.0,17.0
1996,Summer,Spain,5.0,6.0,6.0,17.0
1996,Summer,Belarus,1.0,6.0,8.0,15.0
1996,Summer,Brazil,3.0,3.0,9.0,15.0
1996,Summer,Bulgaria,3.0,7.0,5.0,15.0
1996,Summer,UK,1.0,8.0,6.0,15.0
1996,Summer,Japan,3.0,6.0,5.0,14.0
1996,Summer,Czech Republic,4.0,3.0,4.0,11.0
1996,Summer,Kazakhstan,3.0,4.0,4.0,11.0
1996,Summer,Greece,4.0,4.0,0.0,8.0
1996,Summer,Kenya,1.0,4.0,3.0,8.0
1996,Summer,Sweden,2.0,4.0,2.0,8.0
1996,Summer,Norway,2.0,2.0,3.0,7.0
1996,Summer,Switzerland,4.0,3.0,0.0,7.0
1996,Summer,Belgium,2.0,2.0,2.0,6.0
1996,Summer,Denmark,4.0,1.0,1.0,6.0
1996,Summer,Jamaica,1.0,3.0,2.0,6.0
1996,Summer,New Zealand,3.0,2.0,1.0,6.0
1996,Summer,Nigeria,2.0,1.0,3.0,6.0
1996,Summer,Turkey,4.0,1.0,1.0,6.0
1996,Summer,North Korea,2.0,1.0,2.0,5.0
1996,Summer,South Africa,3.0,1.0,1.0,5.0
1996,Summer,Finland,1.0,2.0,1.0,4.0
1996,Summer,Indonesia,1.0,1.0,2.0,4.0
1996,Summer,Ireland,3.0,0.0,1.0,4.0
1996,Summer,Serbia,1.0,1.0,2.0,4.0
1996,Summer,Algeria,2.0,0.0,1.0,3.0
1996,Summer,Argentina,0.0,2.0,1.0,3.0
1996,Summer,Austria,0.0,1.0,2.0,3.0
1996,Summer,Ethiopia,2.0,0.0,1.0,3.0
1996,Summer,Iran,1.0,1.0,1.0,3.0
1996,Summer,Slovakia,1.0,1.0,1.0,3.0
1996,Summer,Armenia,1.0,1.0,0.0,2.0
1996,Summer,Croatia,1.0,1.0,0.0,2.0
1996,Summer,Georgia,0.0,0.0,2.0,2.0
1996,Summer,Malaysia,0.0,1.0,1.0,2.0
1996,Summer,Moldova,0.0,1.0,1.0,2.0
1996,Summer,Morocco,0.0,0.0,2.0,2.0
1996,Summer,Namibia,0.0,2.0,0.0,2.0
1996,Summer,Portugal,1.0,0.0,1.0,2.0
1996,Summer,Slovenia,0.0,2.0,0.0,2.0
1996,Summer,Thailand,1.0,0.0,1.0,2.0
1996,Summer,Trinidad,0.0,0.0,2.0,2.0
1996,Summer,Uzbekistan,0.0,1.0,1.0,2.0
1996,Summer,Azerbaijan,0.0,1.0,0.0,1.0
1996,Summer,Bahamas,0.0,1.0,0.0,1.0
1996,Summer,Burundi,1.0,0.0,0.0,1.0
1996,Summer,Costa Rica,1.0,0.0,0.0,1.0
1996,Summer,Ecuador,1.0,0.0,0.0,1.0
1996,Summer,India,0.0,0.0,1.0,1.0
1996,Summer,Israel,0.0,0.0,1.0,1.0
1996,Summer,Latvia,0.0,1.0,0.0,1.0
1996,Summer,Lithuania,0.0,0.0,1.0,1.0
1996,Summer,Mexico,0.0,0.0,1.0,1.0
1996,Summer,Mongolia,0.0,0.0,1.0,1.0
1996,Summer,Mozambique,0.0,0.0,1.0,1.0
1996,Summer,Philippines,0.0,1.0,0.0,1.0
1996,Summer,Puerto Rico,0.0,0.0,1.0,1.0
1996,Summer,Syria,1.0,0.0,0.0,1.0
1996,Summer,Taiwan,0.0,1.0,0.0,1.0
1996,Summer,Tonga,0.0,1.0,0.0,1.0
1996,Summer,Tunisia,0.0,0.0,1.0,1.0
1996,Summer,Uganda,0.0,0.0,1.0,1.0
1996,Summer,Zambia,0.0,1.0,0.0,1.0
1998,Winter,Germany,12.0,9.0,8.0,29.0
1998,Winter,Norway,8.0,9.0,5.0,22.0
1998,Winter,Russia,9.0,6.0,3.0,18.0
1998,Winter,Austria,3.0,5.0,9.0,17.0
1998,Winter,Canada,6.0,5.0,4.0,15.0
1998,Winter,USA,6.0,3.0,4.0,13.0
1998,Winter,Finland,2.0,4.0,6.0,12.0
1998,Winter,Netherlands,5.0,4.0,2.0,11.0
1998,Winter,Italy,2.0,6.0,2.0,10.0
1998,Winter,Japan,5.0,1.0,4.0,10.0
1998,Winter,China,0.0,6.0,2.0,8.0
1998,Winter,France,2.0,1.0,5.0,8.0
1998,Winter,Switzerland,2.0,2.0,3.0,7.0
1998,Winter,South Korea,3.0,1.0,2.0,6.0
1998,Winter,Czech Republic,1.0,1.0,1.0,3.0
1998,Winter,Sweden,0.0,2.0,1.0,3.0
1998,Winter,Belarus,0.0,0.0,2.0,2.0
1998,Winter,Kazakhstan,0.0,0.0,2.0,2.0
1998,Winter,Australia,0.0,0.0,1.0,1.0
1998,Winter,Belgium,0.0,0.0,1.0,1.0
1998,Winter,Bulgaria,1.0,0.0,0.0,1.0
1998,Winter,Denmark,0.0,1.0,0.0,1.0
1998,Winter,UK,0.0,0.0,1.0,1.0
1998,Winter,Ukraine,0.0,1.0,0.0,1.0
2000,Summer,USA,36.0,24.0,31.0,91.0
2000,Summer,Russia,32.0,28.0,29.0,89.0
2000,Summer,Australia,16.0,25.0,17.0,58.0
2000,Summer,China,28.0,16.0,14.0,58.0
2000,Summer,Germany,13.0,17.0,26.0,56.0
2000,Summer,France,13.0,14.0,11.0,38.0
2000,Summer,Italy,13.0,8.0,13.0,34.0
2000,Summer,Cuba,11.0,11.0,7.0,29.0
2000,Summer,South Korea,8.0,10.0,10.0,28.0
2000,Summer,UK,11.0,10.0,7.0,28.0
2000,Summer,Romania,11.0,6.0,9.0,26.0
2000,Summer,Netherlands,12.0,9.0,4.0,25.0
2000,Summer,Ukraine,3.0,10.0,10.0,23.0
2000,Summer,Japan,5.0,8.0,5.0,18.0
2000,Summer,Belarus,3.0,3.0,11.0,17.0
2000,Summer,Hungary,8.0,6.0,3.0,17.0
2000,Summer,Canada,3.0,3.0,8.0,14.0
2000,Summer,Poland,6.0,5.0,3.0,14.0
2000,Summer,Bulgaria,5.0,6.0,2.0,13.0
2000,Summer,Greece,4.0,6.0,3.0,13.0
2000,Summer,Brazil,0.0,6.0,6.0,12.0
2000,Summer,Sweden,4.0,5.0,3.0,12.0
2000,Summer,Spain,3.0,3.0,5.0,11.0
2000,Summer,Norway,4.0,3.0,3.0,10.0
2000,Summer,Jamaica,0.0,6.0,3.0,9.0
2000,Summer,Switzerland,1.0,6.0,2.0,9.0
2000,Summer,Czech Republic,2.0,3.0,3.0,8.0
2000,Summer,Ethiopia,4.0,1.0,3.0,8.0
2000,Summer,Kazakhstan,3.0,4.0,0.0,7.0
2000,Summer,Kenya,2.0,3.0,2.0,7.0
2000,Summer,Denmark,2.0,3.0,1.0,6.0
2000,Summer,Georgia,0.0,0.0,6.0,6.0
2000,Summer,Indonesia,1.0,3.0,2.0,6.0
2000,Summer,Mexico,1.0,2.0,3.0,6.0
2000,Summer,Algeria,1.0,1.0,3.0,5.0
2000,Summer,Belgium,0.0,2.0,3.0,5.0
2000,Summer,Lithuania,2.0,0.0,3.0,5.0
2000,Summer,Morocco,0.0,1.0,4.0,5.0
2000,Summer,Slovakia,1.0,3.0,1.0,5.0
2000,Summer,South Africa,0.0,2.0,3.0,5.0
2000,Summer,Taiwan,0.0,1.0,4.0,5.0
2000,Summer,Turkey,3.0,0.0,2.0,5.0
2000,Summer,Argentina,0.0,2.0,2.0,4.0
2000,Summer,Finland,2.0,1.0,1.0,4.0
2000,Summer,Iran,3.0,0.0,1.0,4.0
2000,Summer,New Zealand,1.0,0.0,3.0,4.0
2000,Summer,North Korea,0.0,1.0,3.0,4.0
2000,Summer,Uzbekistan,1.0,1.0,2.0,4.0
2000,Summer,Austria,2.0,1.0,0.0,3.0
2000,Summer,Azerbaijan,2.0,0.0,1.0,3.0
2000,Summer,Bahamas,2.0,0.0,1.0,3.0
2000,Summer,Estonia,1.0,0.0,2.0,3.0
2000,Summer,Latvia,1.0,1.0,1.0,3.0
2000,Summer,Nigeria,1.0,2.0,0.0,3.0
2000,Summer,Serbia,1.0,1.0,1.0,3.0
2000,Summer,Thailand,1.0,0.0,2.0,3.0
2000,Summer,Costa Rica,0.0,0.0,2.0,2.0
2000,Summer,Croatia,1.0,0.0,1.0,2.0
2000,Summer,Moldova,0.0,1.0,1.0,2.0
2000,Summer,Portugal,0.0,0.0,2.0,2.0
2000,Summer,Saudi Arabia,0.0,1.0,1.0,2.0
2000,Summer,Slovenia,2.0,0.0,0.0,2.0
2000,Summer,Trinidad,0.0,1.0,1.0,2.0
2000,Summer,Armenia,0.0,0.0,1.0,1.0
2000,Summer,Barbados,0.0,0.0,1.0,1.0
2000,Summer,Cameroon,1.0,0.0,0.0,1.0
2000,Summer,Chile,0.0,0.0,1.0,1.0
2000,Summer,Colombia,1.0,0.0,0.0,1.0
2000,Summer,Iceland,0.0,0.0,1.0,1.0
2000,Summer,India,0.0,0.0,1.0,1.0
2000,Summer,Ireland,0.0,1.0,0.0,1.0
2000,Summer,Israel,0.0,0.0,1.0,1.0
2000,Summer,Kuwait,0.0,0.0,1.0,1.0
2000,Summer,Kyrgyzstan,0.0,0.0,1.0,1.0
2000,Summer,Macedonia,0.0,0.0,1.0,1.0
2000,Summer,Mozambique,1.0,0.0,0.0,1.0
2000,Summer,Qatar,0.0,0.0,1.0,1.0
2000,Summer,Sri Lanka,0.0,1.0,0.0,1.0
2000,Summer,Uruguay,0.0,1.0,0.0,1.0
2000,Summer,Vietnam,0.0,1.0,0.0,1.0
2002,Winter,Germany,12.0,16.0,8.0,36.0
2002,Winter,USA,10.0,13.0,11.0,34.0
2002,Winter,Norway,12.0,5.0,7.0,24.0
2002,Winter,Austria,3.0,4.0,10.0,17.0
2002,Winter,Canada,7.0,3.0,7.0,17.0
2002,Winter,Italy,4.0,4.0,5.0,13.0
2002,Winter,Russia,5.0,4.0,4.0,13.0
2002,Winter,France,4.0,5.0,2.0,11.0
2002,Winter,Switzerland,3.0,2.0,6.0,11.0
2002,Winter,China,2.0,2.0,4.0,8.0
2002,Winter,Netherlands,3.0,5.0,0.0,8.0
2002,Winter,Finland,4.0,2.0,1.0,7.0
2002,Winter,Sweden,0.0,2.0,5.0,7.0
2002,Winter,Croatia,3.0,1.0,0.0,4.0
2002,Winter,South Korea,2.0,2.0,0.0,4.0
2002,Winter,Bulgaria,0.0,1.0,2.0,3.0
2002,Winter,Czech Republic,1.0,2.0,0.0,3.0
2002,Winter,Estonia,1.0,1.0,1.0,3.0
2002,Winter,Australia,2.0,0.0,0.0,2.0
2002,Winter,Japan,0.0,1.0,1.0,2.0
2002,Winter,Poland,0.0,1.0,1.0,2.0
2002,Winter,UK,1.0,0.0,1.0,2.0
2002,Winter,Belarus,0.0,0.0,1.0,1.0
2002,Winter,Slovenia,0.0,0.0,1.0,1.0
2004,Summer,USA,36.0,39.0,26.0,101.0
2004,Summer,Russia,28.0,26.0,36.0,90.0
2004,Summer,China,32.0,18.0,14.0,64.0
2004,Summer,Australia,17.0,16.0,17.0,50.0
2004,Summer,Germany,13.0,16.0,20.0,49.0
2004,Summer,Japan,16.0,9.0,12.0,37.0
2004,Summer,France,11.0,9.0,13.0,33.0
2004,Summer,Italy,10.0,11.0,11.0,32.0
2004,Summer,South Korea,9.0,12.0,9.0,30.0
2004,Summer,UK,9.0,9.0,12.0,30.0
2004,Summer,Cuba,9.0,7.0,11.0,27.0
2004,Summer,Netherlands,4.0,9.0,9.0,22.0
2004,Summer,Ukraine,8.0,5.0,9.0,22.0
2004,Summer,Spain,3.0,11.0,6.0,20.0
2004,Summer,Romania,8.0,5.0,6.0,19.0
2004,Summer,Hungary,8.0,6.0,3.0,17.0
2004,Summer,Greece,6.0,6.0,4.0,16.0
2004,Summer,Belarus,2.0,5.0,6.0,13.0
2004,Summer,Bulgaria,2.0,1.0,9.0,12.0
2004,Summer,Canada,3.0,6.0,3.0,12.0
2004,Summer,Turkey,3.0,3.0,5.0,11.0
2004,Summer,Brazil,5.0,2.0,3.0,10.0
2004,Summer,Poland,3.0,2.0,5.0,10.0
2004,Summer,Czech Republic,1.0,3.0,5.0,9.0
2004,Summer,Denmark,2.0,1.0,5.0,8.0
2004,Summer,Kazakhstan,1.0,4.0,3.0,8.0
2004,Summer,Thailand,3.0,1.0,4.0,8.0
2004,Summer,Austria,2.0,4.0,1.0,7.0
2004,Summer,Ethiopia,2.0,3.0,2.0,7.0
2004,Summer,Kenya,1.0,4.0,2.0,7.0
2004,Summer,Sweden,4.0,2.0,1.0,7.0
2004,Summer,Argentina,2.0,0.0,4.0,6.0
2004,Summer,Iran,2.0,2.0,2.0,6.0
2004,Summer,Norway,5.0,0.0,1.0,6.0
2004,Summer,Slovakia,2.0,2.0,2.0,6.0
2004,Summer,South Africa,1.0,3.0,2.0,6.0
2004,Summer,Azerbaijan,1.0,0.0,4.0,5.0
2004,Summer,Croatia,1.0,2.0,2.0,5.0
2004,Summer,Egypt,1.0,1.0,3.0,5.0
2004,Summer,Jamaica,2.0,1.0,2.0,5.0
2004,Summer,New Zealand,3.0,2.0,0.0,5.0
2004,Summer,North Korea,0.0,4.0,1.0,5.0
2004,Summer,Switzerland,1.0,1.0,3.0,5.0
2004,Summer,Taiwan,2.0,2.0,1.0,5.0
2004,Summer,Uzbekistan,2.0,1.0,2.0,5.0
2004,Summer,Georgia,2.0,2.0,0.0,4.0
2004,Summer,Indonesia,1.0,1.0,2.0,4.0
2004,Summer,Latvia,0.0,4.0,0.0,4.0
2004,Summer,Mexico,0.0,3.0,1.0,4.0
2004,Summer,Slovenia,0.0,1.0,3.0,4.0
2004,Summer,Belgium,1.0,0.0,2.0,3.0
2004,Summer,Chile,2.0,0.0,1.0,3.0
2004,Summer,Estonia,0.0,1.0,2.0,3.0
2004,Summer,Lithuania,1.0,2.0,0.0,3.0
2004,Summer,Morocco,2.0,1.0,0.0,3.0
2004,Summer,Portugal,0.0,2.0,1.0,3.0
2004,Summer,Zimbabwe,1.0,1.0,1.0,3.0
2004,Summer,Bahamas,1.0,0.0,1.0,2.0
2004,Summer,Colombia,0.0,0.0,2.0,2.0
2004,Summer,Finland,0.0,2.0,0.0,2.0
2004,Summer,Israel,1.0,0.0,1.0,2.0
2004,Summer,Nigeria,0.0,0.0,2.0,2.0
2004,Summer,Serbia,0.0,2.0,0.0,2.0
2004,Summer,Venezuela,0.0,0.0,2.0,2.0
2004,Summer,Cameroon,1.0,0.0,0.0,1.0
2004,Summer,Dominican Republic,1.0,0.0,0.0,1.0
2004,Summer,Eritrea,0.0,0.0,1.0,1.0
2004,Summer,India,0.0,1.0,0.0,1.0
2004,Summer,Mongolia,0.0,0.0,1.0,1.0
2004,Summer,Paraguay,0.0,1.0,0.0,1.0
2004,Summer,Syria,0.0,0.0,1.0,1.0
2004,Summer,Trinidad,0.0,0.0,1.0,1.0
2004,Summer,United Arab Emirates,1.0,0.0,0.0,1.0
2006,Winter,Germany,11.0,12.0,6.0,29.0
2006,Winter,USA,9.0,9.0,7.0,25.0
2006,Winter,Canada,7.0,10.0,7.0,24.0
2006,Winter,Austria,9.0,7.0,7.0,23.0
2006,Winter,Russia,8.0,6.0,8.0,22.0
2006,Winter,Norway,2.0,8.0,9.0,19.0
2006,Winter,Sweden,7.0,2.0,5.0,14.0
2006,Winter,Switzerland,5.0,4.0,5.0,14.0
2006,Winter,China,2.0,4.0,5.0,11.0
2006,Winter,Italy,5.0,0.0,6.0,11.0
2006,Winter,South Korea,6.0,3.0,2.0,11.0
2006,Winter,Finland,0.0,6.0,3.0,9.0
2006,Winter,France,3.0,2.0,4.0,9.0
2006,Winter,Netherlands,3.0,2.0,4.0,9.0
2006,Winter,Czech Republic,1.0,2.0,1.0,4.0
2006,Winter,Croatia,1.0,2.0,0.0,3.0
2006,Winter,Estonia,3.0,0.0,0.0,3.0
2006,Winter,Australia,1.0,0.0,1.0,2.0
2006,Winter,Poland,0.0,1.0,1.0,2.0
2006,Winter,Ukraine,0.0,0.0,2.0,2.0
2006,Winter,Belarus,0.0,1.0,0.0,1.0
2006,Winter,Bulgaria,0.0,1.0,0.0,1.0
2006,Winter,Japan,1.0,0.0,0.0,1.0
2006,Winter,Latvia,0.0,0.0,1.0,1.0
2006,Winter,Slovakia,0.0,1.0,0.0,1.0
2006,Winter,UK,0.0,1.0,0.0,1.0
2008,Summer,USA,36.0,39.0,35.0,110.0
2008,Summer,China,51.0,21.0,28.0,100.0
2008,Summer,Russia,23.0,21.0,28.0,72.0
2008,Summer,UK,19.0,13.0,16.0,48.0
2008,Summer,Australia,14.0,15.0,17.0,46.0
2008,Summer,France,7.0,16.0,18.0,41.0
2008,Summer,Germany,16.0,10.0,15.0,41.0
2008,Summer,South Korea,13.0,10.0,8.0,31.0
2008,Summer,Italy,8.0,9.0,10.0,27.0
2008,Summer,Ukraine,7.0,5.0,15.0,27.0
2008,Summer,Japan,9.0,7.0,9.0,25.0
2008,Summer,Cuba,2.0,11.0,11.0,24.0
2008,Summer,Canada,3.0,9.0,7.0,19.0
2008,Summer,Belarus,4.0,5.0,9.0,18.0
2008,Summer,Spain,5.0,10.0,3.0,18.0
2008,Summer,Brazil,3.0,4.0,9.0,16.0
2008,Summer,Netherlands,7.0,5.0,4.0,16.0
2008,Summer,Kenya,6.0,4.0,5.0,15.0
2008,Summer,Kazakhstan,2.0,4.0,7.0,13.0
2008,Summer,Hungary,3.0,5.0,2.0,10.0
2008,Summer,Poland,3.0,6.0,1.0,10.0
2008,Summer,Jamaica,5.0,2.0,2.0,9.0
2008,Summer,New Zealand,3.0,2.0,4.0,9.0
2008,Summer,Norway,3.0,5.0,1.0,9.0
2008,Summer,Romania,4.0,1.0,3.0,8.0
2008,Summer,Azerbaijan,1.0,2.0,4.0,7.0
2008,Summer,Denmark,2.0,2.0,3.0,7.0
2008,Summer,Ethiopia,4.0,1.0,2.0,7.0
2008,Summer,Switzerland,2.0,1.0,4.0,7.0
2008,Summer,Turkey,1.0,3.0,3.0,7.0
2008,Summer,Argentina,2.0,0.0,4.0,6.0
2008,Summer,Armenia,0.0,0.0,6.0,6.0
2008,Summer,Czech Republic,3.0,3.0,0.0,6.0
2008,Summer,Georgia,3.0,0.0,3.0,6.0
2008,Summer,North Korea,2.0,1.0,3.0,6.0
2008,Summer,Slovakia,3.0,2.0,1.0,6.0
2008,Summer,Uzbekistan,1.0,2.0,3.0,6.0
2008,Summer,Bulgaria,1.0,1.0,3.0,5.0
2008,Summer,Croatia,0.0,2.0,3.0,5.0
2008,Summer,Indonesia,1.0,1.0,3.0,5.0
2008,Summer,Lithuania,0.0,2.0,3.0,5.0
2008,Summer,Slovenia,1.0,2.0,2.0,5.0
2008,Summer,Sweden,0.0,4.0,1.0,5.0
2008,Summer,Finland,1.0,1.0,2.0,4.0
2008,Summer,Greece,0.0,2.0,2.0,4.0
2008,Summer,Mongolia,2.0,2.0,0.0,4.0
2008,Summer,Nigeria,0.0,1.0,3.0,4.0
2008,Summer,Taiwan,0.0,0.0,4.0,4.0
2008,Summer,Thailand,2.0,2.0,0.0,4.0
2008,Summer,Zimbabwe,1.0,3.0,0.0,4.0
2008,Summer,Austria,0.0,1.0,2.0,3.0
2008,Summer,India,1.0,0.0,2.0,3.0
2008,Summer,Ireland,0.0,1.0,2.0,3.0
2008,Summer,Latvia,1.0,1.0,1.0,3.0
2008,Summer,Mexico,2.0,0.0,1.0,3.0
2008,Summer,Serbia,0.0,1.0,2.0,3.0
2008,Summer,Algeria,0.0,1.0,1.0,2.0
2008,Summer,Bahamas,0.0,1.0,1.0,2.0
2008,Summer,Belgium,1.0,1.0,0.0,2.0
2008,Summer,Colombia,0.0,1.0,1.0,2.0
2008,Summer,Dominican Republic,1.0,1.0,0.0,2.0
2008,Summer,Estonia,1.0,1.0,0.0,2.0
2008,Summer,Iran,1.0,0.0,1.0,2.0
2008,Summer,Kyrgyzstan,0.0,1.0,1.0,2.0
2008,Summer,Morocco,0.0,1.0,1.0,2.0
2008,Summer,Portugal,1.0,1.0,0.0,2.0
2008,Summer,Tajikistan,0.0,1.0,1.0,2.0
2008,Summer,Trinidad,1.0,1.0,0.0,2.0
2008,Summer,Afghanistan,0.0,0.0,1.0,1.0
2008,Summer,Cameroon,1.0,0.0,0.0,1.0
2008,Summer,Chile,0.0,1.0,0.0,1.0
2008,Summer,Ecuador,0.0,1.0,0.0,1.0
2008,Summer,Egypt,0.0,0.0,1.0,1.0
2008,Summer,Iceland,0.0,1.0,0.0,1.0
2008,Summer,Israel,0.0,0.0,1.0,1.0
2008,Summer,Malaysia,0.0,1.0,0.0,1.0
2008,Summer,Mauritius,0.0,0.0,1.0,1.0
2008,Summer,Moldova,0.0,0.0,1.0,1.0
2008,Summer,Panama,1.0,0.0,0.0,1.0
2008,Summer,Singapore,0.0,1.0,0.0,1.0
2008,Summer,South Africa,0.0,1.0,0.0,1.0
2008,Summer,Sudan,0.0,1.0,0.0,1.0
2008,Summer,Togo,0.0,0.0,1.0,1.0
2008,Summer,Tunisia,1.0,0.0,0.0,1.0
2008,Summer,Venezuela,0.0,0.0,1.0,1.0
2008,Summer,Vietnam,0.0,1.0,0.0,1.0
2010,Winter,USA,9.0,15.0,13.0,37.0
2010,Winter,Germany,10.0,13.0,7.0,30.0
2010,Winter,Canada,14.0,7.0,5.0,26.0
2010,Winter,Norway,9.0,8.0,6.0,23.0
2010,Winter,Austria,4.0,6.0,6.0,16.0
2010,Winter,Russia,3.0,5.0,7.0,15.0
2010,Winter,South Korea,6.0,6.0,2.0,14.0
2010,Winter,China,5.0,2.0,4.0,11.0
2010,Winter,France,2.0,3.0,6.0,11.0
2010,Winter,Sweden,5.0,2.0,4.0,11.0
2010,Winter,Switzerland,6.0,0.0,3.0,9.0
2010,Winter,Netherlands,4.0,1.0,3.0,8.0
2010,Winter,Czech Republic,2.0,0.0,4.0,6.0
2010,Winter,Poland,1.0,3.0,2.0,6.0
2010,Winter,Finland,0.0,1.0,4.0,5.0
2010,Winter,Italy,1.0,1.0,3.0,5.0
2010,Winter,Japan,0.0,3.0,2.0,5.0
2010,Winter,Australia,2.0,1.0,0.0,3.0
2010,Winter,Belarus,1.0,1.0,1.0,3.0
2010,Winter,Croatia,0.0,2.0,1.0,3.0
2010,Winter,Slovakia,1.0,1.0,1.0,3.0
2010,Winter,Slovenia,0.0,2.0,1.0,3.0
2010,Winter,Latvia,0.0,2.0,0.0,2.0
2010,Winter,Estonia,0.0,1.0,0.0,1.0
2010,Winter,Kazakhstan,0.0,1.0,0.0,1.0
2010,Winter,UK,1.0,0.0,0.0,1.0
2012,Summer,USA,46.0,28.0,29.0,103.0
2012,Summer,China,38.0,27.0,24.0,89.0
2012,Summer,Russia,24.0,26.0,32.0,82.0
2012,Summer,UK,29.0,17.0,19.0,65.0
2012,Summer,Germany,11.0,19.0,14.0,44.0
2012,Summer,Japan,7.0,14.0,17.0,38.0
2012,Summer,Australia,7.0,16.0,12.0,35.0
2012,Summer,France,11.0,11.0,13.0,35.0
2012,Summer,Italy,8.0,9.0,11.0,28.0
2012,Summer,South Korea,13.0,8.0,7.0,28.0
2012,Summer,Netherlands,6.0,6.0,8.0,20.0
2012,Summer,Ukraine,6.0,5.0,9.0,20.0
2012,Summer,Canada,1.0,5.0,12.0,18.0
2012,Summer,Hungary,8.0,4.0,6.0,18.0
2012,Summer,Brazil,3.0,5.0,9.0,17.0
2012,Summer,Spain,3.0,10.0,4.0,17.0
2012,Summer,Cuba,5.0,3.0,6.0,14.0
2012,Summer,Kazakhstan,7.0,1.0,5.0,13.0
2012,Summer,New Zealand,6.0,2.0,5.0,13.0
2012,Summer,Belarus,2.0,5.0,5.0,12.0
2012,Summer,Iran,4.0,5.0,3.0,12.0
2012,Summer,Jamaica,4.0,4.0,4.0,12.0
2012,Summer,Kenya,2.0,4.0,5.0,11.0
2012,Summer,Azerbaijan,2.0,2.0,6.0,10.0
2012,Summer,Czech Republic,4.0,3.0,3.0,10.0
2012,Summer,Poland,2.0,2.0,6.0,10.0
2012,Summer,Denmark,2.0,4.0,3.0,9.0
2012,Summer,Romania,2.0,5.0,2.0,9.0
2012,Summer,Colombia,1.0,3.0,4.0,8.0
2012,Summer,Sweden,1.0,4.0,3.0,8.0
2012,Summer,Ethiopia,3.0,1.0,3.0,7.0
2012,Summer,Georgia,1.0,3.0,3.0,7.0
2012,Summer,Mexico,1.0,3.0,3.0,7.0
2012,Summer,Croatia,3.0,1.0,2.0,6.0
2012,Summer,India,0.0,2.0,4.0,6.0
2012,Summer,North Korea,4.0,0.0,2.0,6.0
2012,Summer,South Africa,3.0,2.0,1.0,6.0
2012,Summer,Ireland,1.0,1.0,3.0,5.0
2012,Summer,Lithuania,2.0,1.0,2.0,5.0
2012,Summer,Mongolia,0.0,2.0,3.0,5.0
2012,Summer,Turkey,2.0,2.0,1.0,5.0
2012,Summer,Argentina,1.0,1.0,2.0,4.0
2012,Summer,Norway,2.0,1.0,1.0,4.0
2012,Summer,Serbia,1.0,1.0,2.0,4.0
2012,Summer,Slovakia,0.0,1.0,3.0,4.0
2012,Summer,Slovenia,1.0,1.0,2.0,4.0
2012,Summer,Switzerland,2.0,2.0,0.0,4.0
2012,Summer,Trinidad,1.0,1.0,2.0,4.0
2012,Summer,Armenia,0.0,1.0,2.0,3.0
2012,Summer,Belgium,0.0,1.0,2.0,3.0
2012,Summer,Finland,0.0,1.0,2.0,3.0
2012,Summer,Thailand,0.0,2.0,1.0,3.0
2012,Summer,Tunisia,1.0,1.0,1.0,3.0
2012,Summer,Uzbekistan,1.0,0.0,2.0,3.0
2012,Summer,Bulgaria,0.0,1.0,1.0,2.0
2012,Summer,Dominican Republic,1.0,1.0,0.0,2.0
2012,Summer,Egypt,0.0,2.0,0.0,2.0
2012,Summer,Estonia,0.0,1.0,1.0,2.0
2012,Summer,Greece,0.0,0.0,2.0,2.0
2012,Summer,Indonesia,0.0,1.0,1.0,2.0
2012,Summer,Latvia,1.0,0.0,1.0,2.0
2012,Summer,Malaysia,0.0,1.0,1.0,2.0
2012,Summer,Moldova,0.0,0.0,2.0,2.0
2012,Summer,Puerto Rico,0.0,1.0,1.0,2.0
2012,Summer,Qatar,0.0,0.0,2.0,2.0
2012,Summer,Singapore,0.0,0.0,2.0,2.0
2012,Summer,Taiwan,0.0,1.0,1.0,2.0
2012,Summer,Afghanistan,0.0,0.0,1.0,1.0
2012,Summer,Algeria,1.0,0.0,0.0,1.0
2012,Summer,Bahamas,1.0,0.0,0.0,1.0
2012,Summer,Bahrain,0.0,0.0,1.0,1.0
2012,Summer,Botswana,0.0,1.0,0.0,1.0
2012,Summer,Cyprus,0.0,1.0,0.0,1.0
2012,Summer,Gabon,0.0,1.0,0.0,1.0
2012,Summer,Grenada,1.0,0.0,0.0,1.0
2012,Summer,Guatemala,0.0,1.0,0.0,1.0
2012,Summer,Kuwait,0.0,0.0,1.0,1.0
2012,Summer,Montenegro,0.0,1.0,0.0,1.0
2012,Summer,Morocco,0.0,0.0,1.0,1.0
2012,Summer,Portugal,0.0,1.0,0.0,1.0
2012,Summer,Saudi Arabia,0.0,0.0,1.0,1.0
2012,Summer,Tajikistan,0.0,0.0,1.0,1.0
2012,Summer,Uganda,1.0,0.0,0.0,1.0
2012,Summer,Venezuela,1.0,0.0,0.0,1.0
2014,Winter,Russia,13.0,11.0,9.0,33.0
2014,Winter,USA,9.0,7.0,12.0,28.0
2014,Winter,Norway,11.0,5.0,10.0,26.0
2014,Winter,Canada,10.0,10.0,5.0,25.0
2014,Winter,Netherlands,8.0,7.0,9.0,24.0
2014,Winter,Germany,8.0,6.0,5.0,19.0
2014,Winter,Austria,4.0,8.0,5.0,17.0
2014,Winter,France,4.0,4.0,7.0,15.0
2014,Winter,Sweden,2.0,7.0,6.0,15.0
2014,Winter,Switzerland,6.0,3.0,2.0,11.0
2014,Winter,China,3.0,4.0,2.0,9.0
2014,Winter,Czech Republic,2.0,4.0,2.0,8.0
2014,Winter,Italy,0.0,2.0,6.0,8.0
2014,Winter,Japan,1.0,4.0,3.0,8.0
2014,Winter,Slovenia,2.0,2.0,4.0,8.0
2014,Winter,South Korea,3.0,3.0,2.0,8.0
2014,Winter,Belarus,5.0,0.0,1.0,6.0
2014,Winter,Poland,4.0,1.0,1.0,6.0
2014,Winter,Finland,1.0,3.0,1.0,5.0
2014,Winter,Latvia,0.0,2.0,2.0,4.0
2014,Winter,UK,1.0,1.0,2.0,4.0
2014,Winter,Australia,0.0,2.0,1.0,3.0
2014,Winter,Ukraine,1.0,0.0,1.0,2.0
2014,Winter,Croatia,0.0,1.0,0.0,1.0
2014,Winter,Kazakhstan,0.0,0.0,1.0,1.0
2014,Winter,Slovakia,1.0,0.0,0.0,1.0
2016,Summer,USA,46.0,37.0,38.0,121.0
2016,Summer,China,26.0,18.0,26.0,70.0
2016,Summer,UK,27.0,23.0,17.0,67.0
2016,Summer,Russia,19.0,17.0,20.0,56.0
2016,Summer,France,10.0,18.0,14.0,42.0
2016,Summer,Germany,17.0,10.0,15.0,42.0
2016,Summer,Japan,12.0,8.0,21.0,41.0
2016,Summer,Australia,8.0,11.0,10.0,29.0
2016,Summer,Italy,8.0,12.0,8.0,28.0
2016,Summer,Canada,4.0,3.0,15.0,22.0
2016,Summer,South Korea,9.0,3.0,9.0,21.0
2016,Summer,Brazil,7.0,6.0,6.0,19.0
2016,Summer,Netherlands,8.0,7.0,4.0,19.0
2016,Summer,Azerbaijan,1.0,7.0,10.0,18.0
2016,Summer,Kazakhstan,3.0,5.0,10.0,18.0
2016,Summer,New Zealand,4.0,9.0,5.0,18.0
2016,Summer,Spain,7.0,4.0,6.0,17.0
2016,Summer,Denmark,2.0,6.0,7.0,15.0
2016,Summer,Hungary,8.0,3.0,4.0,15.0
2016,Summer,Kenya,6.0,6.0,1.0,13.0
2016,Summer,Uzbekistan,4.0,2.0,7.0,13.0
2016,Summer,Cuba,5.0,2.0,4.0,11.0
2016,Summer,Jamaica,6.0,3.0,2.0,11.0
2016,Summer,Poland,2.0,3.0,6.0,11.0
2016,Summer,Sweden,2.0,6.0,3.0,11.0
2016,Summer,Ukraine,2.0,5.0,4.0,11.0
2016,Summer,Croatia,5.0,3.0,2.0,10.0
2016,Summer,Czech Republic,1.0,2.0,7.0,10.0
2016,Summer,South Africa,2.0,6.0,2.0,10.0
2016,Summer,Belarus,1.0,4.0,4.0,9.0
2016,Summer,Colombia,3.0,2.0,3.0,8.0
2016,Summer,Ethiopia,1.0,2.0,5.0,8.0
2016,Summer,Iran,3.0,1.0,4.0,8.0
2016,Summer,Serbia,2.0,4.0,2.0,8.0
2016,Summer,Turkey,1.0,3.0,4.0,8.0
2016,Summer,Georgia,2.0,1.0,4.0,7.0
2016,Summer,North Korea,2.0,3.0,2.0,7.0
2016,Summer,Switzerland,3.0,2.0,2.0,7.0
2016,Summer,Belgium,2.0,2.0,2.0,6.0
2016,Summer,Greece,3.0,1.0,2.0,6.0
2016,Summer,Thailand,2.0,2.0,2.0,6.0
2016,Summer,Malaysia,0.0,4.0,1.0,5.0
2016,Summer,Mexico,0.0,3.0,2.0,5.0
2016,Summer,Argentina,3.0,1.0,0.0,4.0
2016,Summer,Armenia,1.0,3.0,0.0,4.0
2016,Summer,Lithuania,0.0,1.0,3.0,4.0
2016,Summer,Norway,0.0,0.0,4.0,4.0
2016,Summer,Romania,1.0,1.0,2.0,4.0
2016,Summer,Slovakia,2.0,2.0,0.0,4.0
2016,Summer,Slovenia,1.0,2.0,1.0,4.0
2016,Summer,Bulgaria,0.0,1.0,2.0,3.0
2016,Summer,Egypt,0.0,0.0,3.0,3.0
2016,Summer,Indonesia,1.0,2.0,0.0,3.0
2016,Summer,Taiwan,1.0,0.0,2.0,3.0
2016,Summer,Tunisia,0.0,0.0,3.0,3.0
2016,Summer,Venezuela,0.0,1.0,2.0,3.0
2016,Summer,Algeria,0.0,2.0,0.0,2.0
2016,Summer,Bahamas,1.0,0.0,1.0,2.0
2016,Summer,Bahrain,1.0,1.0,0.0,2.0
2016,Summer,India,0.0,1.0,1.0,2.0
2016,Summer,Individual Olympic Athletes,1.0,0.0,1.0,2.0
2016,Summer,Ireland,0.0,2.0,0.0,2.0
2016,Summer,Israel,0.0,0.0,2.0,2.0
2016,Summer,Ivory Coast,1.0,0.0,1.0,2.0
2016,Summer,Mongolia,0.0,1.0,1.0,2.0
2016,Summer,Vietnam,1.0,1.0,0.0,2.0
2016,Summer,Austria,0.0,0.0,1.0,1.0
2016,Summer,Burundi,0.0,1.0,0.0,1.0
2016,Summer,Dominican Republic,0.0,0.0,1.0,1.0
2016,Summer,Estonia,0.0,0.0,1.0,1.0
2016,Summer,Fiji,1.0,0.0,0.0,1.0
2016,Summer,Finland,0.0,0.0,1.0,1.0
2016,Summer,Grenada,0.0,1.0,0.0,1.0
2016,Summer,Jordan,1.0,0.0,0.0,1.0
2016,Summer,Kosovo,1.0,0.0,0.0,1.0
2016,Summer,Morocco,0.0,0.0,1.0,1.0
2016,Summer,Niger,0.0,1.0,0.0,1.0
2016,Summer,Nigeria,0.0,0.0,1.0,1.0
2016,Summer,Philippines,0.0,1.0,0.0,1.0
2016,Summer,Portugal,0.0,0.0,1.0,1.0
2016,Summer,Puerto Rico,1.0,0.0,0.0,1.0
2016,Summer,Qatar,0.0,1.0,0.0,1.0
2016,Summer,Singapore,1.0,0.0,0.0,1.0
2016,Summer,Tajikistan,1.0,0.0,0.0,1.0
2016,Summer,Trinidad,0.0,0.0,1.0,1.0
2016,Summer,United Arab Emirates,0.0,0.0,1.0,1.0
